prob,ratio
50, 1.126919140225179
75, 0.7504383401519579
100, 0.8899135446685879
